Category,Image,Title,Author,Price
Art and Design,https://blackwells.co.uk//jacket/200x200/9781855145870.jpg,David Hockney - Normandy Portra...,"David Hockney, Natio...",22.15
Art and Design,https://blackwells.co.uk//jacket/200x200/9781788842389.jpg,The Rolling Stones,Acc Art Books Ltd (C...,63.87
Art and Design,https://blackwells.co.uk//jacket/200x200/9781350143111.jpg,The Intersection of Fashion and...,Kate Annett-Hitchcock,26.85
Art and Design,https://blackwells.co.uk//jacket/200x200/9780770435219.jpg,Urban Watercolor Sketching,Felix Scheinberger,21.03
Art and Design,https://blackwells.co.uk//jacket/200x200/9781032324142.jpg,Experiencing Accents,Philip Thompson (aut...,38.37
Art and Design,https://blackwells.co.uk//jacket/200x200/9780760382806.jpg,Made to Measure,Elisalex Jewell,24.3
Art and Design,https://blackwells.co.uk//jacket/200x200/9781849947671.jpg,Sea Pools,Chris Romer-Lee,35.54
Art and Design,https://blackwells.co.uk//jacket/200x200/9781912235575.jpg,Ghost Trees,Bob Gilbert,15.41
Art and Design,https://blackwells.co.uk//jacket/200x200/9783836507462.jpg,Wassily Kandinsky,"Hajo Düchting, Wassi...",18.29
Art and Design,https://blackwells.co.uk//jacket/200x200/9781914236228.jpg,Salena Godden - Pessimism Is fo...,Salena Godden,28.96
Art and Design,https://blackwells.co.uk//jacket/200x200/9780141995311.jpg,140 Artists' Ideas for Planet E...,Hans Ulrich Obrist (...,14.04
Art and Design,https://blackwells.co.uk//jacket/200x200/9781858947075.jpg,Mid-Century Type,David Jury,40.65
Art and Design,https://blackwells.co.uk//jacket/200x200/9780136746911.jpg,100 Things Every Designer Needs...,Susan Weinschenk,26.7
Art and Design,https://blackwells.co.uk//jacket/200x200/9781781577820.jpg,How to Be an Artist,Jerry Saltz,13.33
Art and Design,https://blackwells.co.uk//jacket/200x200/9784756253941.jpg,Fashion Illustration Book,Tanaka,25.86
Art and Design,https://blackwells.co.uk//jacket/200x200/9781907896972.jpg,Translations from Drawing to Bu...,Robin Evans,36.58
Art and Design,https://blackwells.co.uk//jacket/200x200/9780141391649.jpg,The Futurist Cookbook,F. T. Marinetti (aut...,14.04
Art and Design,https://blackwells.co.uk//jacket/200x200/9780262545235.jpg,Architecture and Abstraction,Pier Vittorio Aureli,35.37
Art and Design,https://blackwells.co.uk//jacket/200x200/9782878682793.jpg,Rome Sketchbook,Fabrice Moireau (ill...,29.03
Art and Design,https://blackwells.co.uk//jacket/200x200/9781631069772.jpg,Cute Creature Art Class,Naomi Lord,18.98
Art and Design,https://blackwells.co.uk//jacket/200x200/9781350193772.jpg,Tartan,Jonathan Faiers,30.62
Biography,https://blackwells.co.uk//jacket/200x200/9781843682400.jpg,Art Exposed,Julian Spalding,21.97
Biography,https://blackwells.co.uk//jacket/200x200/9781914317880.jpg,Cats Who Changed the World,Dan Jones,18.02
Biography,https://blackwells.co.uk//jacket/200x200/9780907871491.jpg,Scum of the Earth,Arthur Koestler,18.44
Biography,https://blackwells.co.uk//jacket/200x200/9781604697896.jpg,The Landscapes of Anne of Green...,Catherine Reid,21.13
Biography,https://blackwells.co.uk//jacket/200x200/9780393285185.jpg,Samuelson Friedman,Nicholas Wapshott,27.53
Biography,https://blackwells.co.uk//jacket/200x200/9780241992531.jpg,"OK, Let's Do Your Stupid Idea",Patrick Freyne,13.32
Biography,https://blackwells.co.uk//jacket/200x200/9780553816723.jpg,Gweilo,Martin Booth,15.15
Biography,https://blackwells.co.uk//jacket/200x200/9781784162818.jpg,All That Remains,Sue M. Black,15.15
Biography,https://blackwells.co.uk//jacket/200x200/9780674275607.jpg,Travels With Tocqueville Beyond...,Jeremy Jennings,34.78
Biography,https://blackwells.co.uk//jacket/200x200/9781787636897.jpg,Nowhere to Run,Jonathan Sayer,20.65
Biography,https://blackwells.co.uk//jacket/200x200/9781626985179.jpg,Ukraine Diary,Henri J. M. Nouwen (...,20.48
Biography,https://blackwells.co.uk//jacket/200x200/9780008483890.jpg,"Hitler, Stalin, Mum and Dad",Daniel Finkelstein,13.91
Biography,https://blackwells.co.uk//jacket/200x200/9781538756287.jpg,God Calls Us to Do Hard Things,Katie Boyd Britt,23.23
Biography,https://blackwells.co.uk//jacket/200x200/9781408719305.jpg,Echoes,Will Sergeant,24.11
Biography,https://blackwells.co.uk//jacket/200x200/9781913368876.jpg,Leadership,Simon McDonald,16.63
Biography,https://blackwells.co.uk//jacket/200x200/9781780879925.jpg,Citizen Clem,John Bew,17.35
Biography,https://blackwells.co.uk//jacket/200x200/9781474620949.jpg,Meditations,Marcus Aurelius (aut...,10.6
Biography,https://blackwells.co.uk//jacket/200x200/9781399613323.jpg,The Simple Life,Sarah Beeny,20.67
Biography,https://blackwells.co.uk//jacket/200x200/9780857162625.jpg,A Very Simple Mind,Derek Forbes,23.62
Biography,https://blackwells.co.uk//jacket/200x200/9780440120148.jpg,Devil's Guard,George R. Elford,12.53
Biography,https://blackwells.co.uk//jacket/200x200/9780571356539.jpg,Miss Dior,Justine Picardie,22.38
Children's,https://blackwells.co.uk//jacket/200x200/9780152060305.jpg,Whoever You Are,"Mem Fox (author), Le...",8.77
Children's,https://blackwells.co.uk//jacket/200x200/9780593119877.jpg,Hot Cocoa Calm,Kira Willey (author)...,12.77
Children's,https://blackwells.co.uk//jacket/200x200/9780241543290.jpg,Diwali,Aditi Kakade Beaufra...,11.39
Children's,https://blackwells.co.uk//jacket/200x200/9781782507086.jpg,My First Root Children,Sibylle Olfers,12.05
Children's,https://blackwells.co.uk//jacket/200x200/9780241488942.jpg,"Hello, Star",Stephanie V. W. Luci...,12.61
Children's,https://blackwells.co.uk//jacket/200x200/9781405930123.jpg,Dr. Ninth,Adam Hargreaves (aut...,10.11
Children's,https://blackwells.co.uk//jacket/200x200/9781474935937.jpg,Sticker Dolly Dressing Fashion ...,"Fiona Watt (author),...",15.34
Children's,https://blackwells.co.uk//jacket/200x200/9781523502073.jpg,"Baby, Let's Eat!",Stephan Lomp (artist),10.11
Children's,https://blackwells.co.uk//jacket/200x200/9781474979887.jpg,Why Do Things Die?,Katie Daynes (author...,14.58
Children's,https://blackwells.co.uk//jacket/200x200/9781911631590.jpg,Imagine,Alison Lester,16.15
Children's,https://blackwells.co.uk//jacket/200x200/9780956678348.jpg,Landy's New Home,Veronica Lamond,15.41
Children's,https://blackwells.co.uk//jacket/200x200/9781409535683.jpg,The Story of Pinocchio,"Katie Daynes, Mauro ...",11.3
Children's,https://blackwells.co.uk//jacket/200x200/9781409564522.jpg,A Puzzle a Day,Phillip Clarke (auth...,13.36
Children's,https://blackwells.co.uk//jacket/200x200/9780956678300.jpg,Landy,Veronica Lamond,15.41
Children's,https://blackwells.co.uk//jacket/200x200/9781805311959.jpg,The Missing Unicorn,Russell Punter (auth...,12.05
Children's,https://blackwells.co.uk//jacket/200x200/9781338767681.jpg,Five Nights at Freddy's Ultimat...,Scott Cawthon,15.34
Children's,https://blackwells.co.uk//jacket/200x200/9780241533376.jpg,My First Words,Dawn Sirett,12.37
Children's,https://blackwells.co.uk//jacket/200x200/9781433803185.jpg,What to Do When You Dread Your ...,"Dawn Huebner, Bonnie...",18.8
Children's,https://blackwells.co.uk//jacket/200x200/9781849394475.jpg,Tuesday,David Wiesner,12.77
Children's,https://blackwells.co.uk//jacket/200x200/9781409555384.jpg,Build Your Own Cars Sticker Book,Simon Tudhope (autho...,12.77
Children's,https://blackwells.co.uk//jacket/200x200/9781474981026.jpg,Don't Tickle the Tiger!,"Sam Taplin (author),...",16.93
Children's,https://blackwells.co.uk//jacket/200x200/9781474998888.jpg,Electricity,Victoria M. Williams...,15.34
Children's,https://blackwells.co.uk//jacket/200x200/9780008621919.jpg,Christmas Cracker,"Kia Marie Hunt, Coll...",10.19
Children's,https://blackwells.co.uk//jacket/200x200/9780395971239.jpg,One Hundred Hungry Ants,Elinor J. Pinczes (a...,12.37
Children's,https://blackwells.co.uk//jacket/200x200/9780593193310.jpg,What Is God Like,Rachel Held Evans (a...,18.66
Computing,https://blackwells.co.uk//jacket/200x200/9780670921607.jpg,The Lean Startup,Eric Ries,18.44
Computing,https://blackwells.co.uk//jacket/200x200/9781338767681.jpg,Five Nights at Freddy's Ultimat...,Scott Cawthon,15.34
Computing,https://blackwells.co.uk//jacket/200x200/9780136746911.jpg,100 Things Every Designer Needs...,Susan Weinschenk,26.7
Computing,https://blackwells.co.uk//jacket/200x200/9780136823407.jpg,SAFe 5.0 Distilled,"Richard Knaster, Dea...",15.08
Computing,https://blackwells.co.uk//jacket/200x200/9781910523360.jpg,ClearRevise OCR GCSE Exam Tutor...,N/A,15.49
Computing,https://blackwells.co.uk//jacket/200x200/9781617296901.jpg,Data Pipelines With Apache Airf...,"Bas Harenslak, Julia...",40.63
Computing,https://blackwells.co.uk//jacket/200x200/9781446903896.jpg,ICT. Revision Workbook,"Nicola Hughes, David...",13.06
Computing,https://blackwells.co.uk//jacket/200x200/9780262528900.jpg,Software Abstractions,Daniel Jackson,44.58
Computing,https://blackwells.co.uk//jacket/200x200/9781846149481.jpg,Gamish,Edward Ross,22.15
Computing,https://blackwells.co.uk//jacket/200x200/9781803361666.jpg,Overwatch,Seanan McGuire,34.84
Computing,https://blackwells.co.uk//jacket/200x200/9781501399916.jpg,Barcode,Jordan Frith,14.04
Computing,https://blackwells.co.uk//jacket/200x200/9781617299711.jpg,Julia as a Second Language,Erik Engheim,45.89
Computing,https://blackwells.co.uk//jacket/200x200/9780702312847.jpg,Getting Away With Murder,Kathryn Foxfield,13.53
Computing,https://blackwells.co.uk//jacket/200x200/9781617294358.jpg,Secure by Design,"Dan Bergh Johnsson, ...",40.63
Computing,https://blackwells.co.uk//jacket/200x200/9780321437389.jpg,Implementing Lean Software Deve...,"Mary Poppendieck, Th...",37.15
Computing,https://blackwells.co.uk//jacket/200x200/9781914239656.jpg,The Repair Shop,Jayne Dowle (author)...,23.13
Computing,https://blackwells.co.uk//jacket/200x200/9781492079224.jpg,Articulating Design Decisions,Tom Greever,40.63
Computing,https://blackwells.co.uk//jacket/200x200/9781119796886.jpg,MATLAB for Dummies,"Jim Sizemore, John M...",26.16
Computing,https://blackwells.co.uk//jacket/200x200/9780128182024.jpg,Designing With the Mind in Mind,Jeff Johnson,49.76
Computing,https://blackwells.co.uk//jacket/200x200/9781772942705.jpg,Elden Ring Volume II,FromSoftware,56.89
Crime,https://blackwells.co.uk//jacket/200x200/9781472243690.jpg,Faithful Unto Death,Caroline Graham,13.33
Crime,https://blackwells.co.uk//jacket/200x200/9781639640225.jpg,The Sanctuary,Gustavo Eduardo Abre...,18.38
Crime,https://blackwells.co.uk//jacket/200x200/9781804365472.jpg,A Thief's Justice,Douglas Skelton,13.32
Crime,https://blackwells.co.uk//jacket/200x200/9780425280867.jpg,Look Closer,David Ellis,19.2
Crime,https://blackwells.co.uk//jacket/200x200/9781914198663.jpg,Lord Jim at Home,Dinah Brooke,13.62
Crime,https://blackwells.co.uk//jacket/200x200/9781529418903.jpg,Coffin Road,Peter May,10.6
Crime,https://blackwells.co.uk//jacket/200x200/9781473224377.jpg,Winter's Gifts,Ben Aaronovitch,17.01
Crime,https://blackwells.co.uk//jacket/200x200/9780715654514.jpg,The Spirit Engineer,A. J. West,13.53
Crime,https://blackwells.co.uk//jacket/200x200/9781912310203.jpg,Lady's Well,L. J. Ross,13.32
Crime,https://blackwells.co.uk//jacket/200x200/9781912310197.jpg,Bamburgh,L. J. Ross,13.32
Crime,https://blackwells.co.uk//jacket/200x200/9781405945653.jpg,A Twisted Love Story,Samantha Downing,13.32
Crime,https://blackwells.co.uk//jacket/200x200/9781974733965.jpg,Sakamoto Days. 4,Yuto Suzuki,11.48
Crime,https://blackwells.co.uk//jacket/200x200/9780571371044.jpg,The Glass Pearls,Emeric Pressburger,13.62
Crime,https://blackwells.co.uk//jacket/200x200/9781974734412.jpg,Sakamoto Days. 5,Yuto Suzuki,11.47
Crime,https://blackwells.co.uk//jacket/200x200/9781788424233.jpg,Death and Croissants,Ian Moore,13.53
Crime,https://blackwells.co.uk//jacket/200x200/9780008164898.jpg,Cards on the Table,Agatha Christie,13.24
Crime,https://blackwells.co.uk//jacket/200x200/9780857305626.jpg,Never Walk Away,Nick Triplow,13.62
Crime,https://blackwells.co.uk//jacket/200x200/9780008555696.jpg,The Lie Maker,Linwood Barclay,22.31
Crime,https://blackwells.co.uk//jacket/200x200/9780008507237.jpg,Five Survive,Holly Jackson,12.82
Crime,https://blackwells.co.uk//jacket/200x200/9781914585883.jpg,His Favourite Graves,Paul Cleave,12.62
Crime,https://blackwells.co.uk//jacket/200x200/9781800328723.jpg,The Devil's Domain,P. C. Doherty,9.47
Crime,https://blackwells.co.uk//jacket/200x200/9780857500083.jpg,Echo Burning,Lee Child,14.38
Education,https://blackwells.co.uk//jacket/200x200/9781398372283.jpg,AQA GCSE (9-1) Citizenship Stud...,Mike Mitchell,17.45
Education,https://blackwells.co.uk//jacket/200x200/9780953871438.jpg,The Word Wasp,Harry Cowling,39.01
Education,https://blackwells.co.uk//jacket/200x200/9781398317208.jpg,AQA GCSE (9-1) Citizenship. Wor...,Mike Mitchell,17.52
Education,https://blackwells.co.uk//jacket/200x200/9781903269268.jpg,Better Play,Alison Woolf,37.66
Education,https://blackwells.co.uk//jacket/200x200/9781510414044.jpg,Caribbean Primary Mathematics. ...,Karen Morrison,20.23
Education,https://blackwells.co.uk//jacket/200x200/9781529200348.jpg,The Soul of a University,Chris Brink,19.54
Education,https://blackwells.co.uk//jacket/200x200/9780198378815.jpg,Read Write Inc. Phonics: My Set...,Ruth Miskin,44.49
Education,https://blackwells.co.uk//jacket/200x200/9781338776942.jpg,Curse of the Shadow Dragon,Tracey West (author)...,11.12
Education,https://blackwells.co.uk//jacket/200x200/9781338776874.jpg,Bloom of the Flower Dragon,Tracey West (author)...,10.91
Education,https://blackwells.co.uk//jacket/200x200/9781787754874.jpg,The Teacher's Introduction to P...,Clare Truman,21.42
Education,https://blackwells.co.uk//jacket/200x200/9781529716221.jpg,Play in the Early Years,"Owen, Kay",27.65
Education,https://blackwells.co.uk//jacket/200x200/9781789083163.jpg,KS3 Maths Year 7 Targeted Workb...,"CGP Books (author), ...",12.03
Education,https://blackwells.co.uk//jacket/200x200/9780367645694.jpg,Spelling for Life,Lyn Stone,31.33
Education,https://blackwells.co.uk//jacket/200x200/9780241463376.jpg,White Teeth,Zadie Smith,11.39
Education,https://blackwells.co.uk//jacket/200x200/9780198359289.jpg,AQA Physics for GCSE Combined S...,Jim Breithaupt (auth...,27.86
Education,https://blackwells.co.uk//jacket/200x200/9780198359272.jpg,AQA Chemistry for GCSE Combined...,"Lawrie Ryan, R. D. P...",27.86
Education,https://blackwells.co.uk//jacket/200x200/9781529792850.jpg,Great FE Teaching,Samantha Jones (edit...,26.52
Education,https://blackwells.co.uk//jacket/200x200/9780008587857.jpg,The Times Good University Guide...,Zoe Thomas,22.31
Education,https://blackwells.co.uk//jacket/200x200/9781781913017.jpg,The Bible Explorer,Carine Mackenzie (au...,18.58
Education,https://blackwells.co.uk//jacket/200x200/9781412989022.jpg,Thinking Through Quality Questi...,"Jackie A. Walsh, Bet...",31.34
Education,https://blackwells.co.uk//jacket/200x200/9780241520819.jpg,The Children Act,"Anna Trewin, Ian McE...",11.88
Education,https://blackwells.co.uk//jacket/200x200/9780198494645.jpg,"Invasion, Plague and Murder",A. Wilkes,32.44
Education,https://blackwells.co.uk//jacket/200x200/9781382016469.jpg,Oxford Resources for IB DP Chem...,"Bylikin, Sergey",74.61
Fiction,https://blackwells.co.uk//jacket/200x200/9781785948268.jpg,Planet of the Ood,Keith Temple,14.37
Fiction,https://blackwells.co.uk//jacket/200x200/9780099430872.jpg,Mr Palomar,Italo Calvino (autho...,10.82
Fiction,https://blackwells.co.uk//jacket/200x200/9781805301653.jpg,The Caretaker,Ron Rash,18.85
Fiction,https://blackwells.co.uk//jacket/200x200/9781804365472.jpg,A Thief's Justice,Douglas Skelton,13.32
Fiction,https://blackwells.co.uk//jacket/200x200/9781405964234.jpg,Sable Peak,Devney Perry,14.26
Fiction,https://blackwells.co.uk//jacket/200x200/9780060617516.jpg,The Long Loneliness,Dorothy Day (author)...,17.86
Fiction,https://blackwells.co.uk//jacket/200x200/9780340750704.jpg,Noble House,James Clavell,18.46
Fiction,https://blackwells.co.uk//jacket/200x200/9781800812895.jpg,Closer,Dennis Cooper,14.26
Fiction,https://blackwells.co.uk//jacket/200x200/9781529418903.jpg,Coffin Road,Peter May,10.6
Fiction,https://blackwells.co.uk//jacket/200x200/9781435156234.jpg,The Arabian Nights,René Bull (illustrat...,34.84
Fiction,https://blackwells.co.uk//jacket/200x200/9781473224377.jpg,Winter's Gifts,Ben Aaronovitch,17.01
Fiction,https://blackwells.co.uk//jacket/200x200/9780715654514.jpg,The Spirit Engineer,A. J. West,13.53
Fiction,https://blackwells.co.uk//jacket/200x200/9780349142104.jpg,The Dog Who Dared to Dream,Sun-mi Hwang (author...,13.33
Fiction,https://blackwells.co.uk//jacket/200x200/9781805461005.jpg,The Amber Fury,Natalie Haynes,13.62
Fiction,https://blackwells.co.uk//jacket/200x200/9781459750814.jpg,South,Babak Lakghomi,17.11
Fiction,https://blackwells.co.uk//jacket/200x200/9781405945653.jpg,A Twisted Love Story,Samantha Downing,13.32
Fiction,https://blackwells.co.uk//jacket/200x200/9780008655655.jpg,Beren and Lúthien,J. R. R. Tolkien (au...,13.48
Fiction,https://blackwells.co.uk//jacket/200x200/9781529387582.jpg,Year of the Reaper,Makiia Lucier,12.7
Fiction,https://blackwells.co.uk//jacket/200x200/9781916254718.jpg,The House of Dolls,Barbara Comyns,14.77
Fiction,https://blackwells.co.uk//jacket/200x200/9780702310423.jpg,The Subtle Knife,Philip Pullman (auth...,31.94
Fiction,https://blackwells.co.uk//jacket/200x200/9781472157577.jpg,Liarmouth,John Waters,13.33
Fiction,https://blackwells.co.uk//jacket/200x200/9781788424233.jpg,Death and Croissants,Ian Moore,13.53
Food and Drink,https://blackwells.co.uk//jacket/200x200/9781405921091.jpg,The Pasta Book,Gennaro Contaldo (au...,14.04
Food and Drink,https://blackwells.co.uk//jacket/200x200/9781784885922.jpg,A New Way to Bake,Philip Khoury,29.03
Food and Drink,https://blackwells.co.uk//jacket/200x200/9781788424233.jpg,Death and Croissants,Ian Moore,13.53
Food and Drink,https://blackwells.co.uk//jacket/200x200/9781408726983.jpg,The Great British Bake Off. Fav...,Paul Hollywood (cont...,22.46
Food and Drink,https://blackwells.co.uk//jacket/200x200/9783791387444.jpg,Cocktails of the Movies,"Will Francis, Stacey...",16.97
Food and Drink,https://blackwells.co.uk//jacket/200x200/9788895218199.jpg,Puglia in Cucina: The Flavours ...,William Dello Russo ...,27.49
Food and Drink,https://blackwells.co.uk//jacket/200x200/9781623717889.jpg,Provence: The Cookbook,Caroline Rimbert Cra...,31.99
Food and Drink,https://blackwells.co.uk//jacket/200x200/9780760384046.jpg,Modern Asian Kitchen,Kat Lieu,25.3
Food and Drink,https://blackwells.co.uk//jacket/200x200/9781906136970.jpg,Great British Pub Guide,SAWDAYS,18.98
Food and Drink,https://blackwells.co.uk//jacket/200x200/9780600633495.jpg,200 Slow Cooker Recipes,Sara Lewis,10.76
Food and Drink,https://blackwells.co.uk//jacket/200x200/9781922351814.jpg,Dark Rye and Honey Cake,Regula Ysewijn,24.39
Food and Drink,https://blackwells.co.uk//jacket/200x200/9780241302149.jpg,The Science of Spice,Stuart Farrimond,24.73
Food and Drink,https://blackwells.co.uk//jacket/200x200/9780762480623.jpg,Eddie Muller's Noir Bar,Eddie Muller,22.35
Food and Drink,https://blackwells.co.uk//jacket/200x200/9781761500107.jpg,More Is More,Molly Baz,27.17
Food and Drink,https://blackwells.co.uk//jacket/200x200/9781645678106.jpg,Elegant One-Pan Cakes,Sonali Ghosh,23.13
Food and Drink,https://blackwells.co.uk//jacket/200x200/9781568364902.jpg,Japanese Kitchen Knives: Essent...,"Kate Klippensteen, Y...",29.03
Food and Drink,https://blackwells.co.uk//jacket/200x200/9781645678564.jpg,Nutrient-Dense Meal Prep,Olivia Robertson-Moe,29.1
Food and Drink,https://blackwells.co.uk//jacket/200x200/9780701189006.jpg,Nigella Summer,Nigella Lawson,29.03
Food and Drink,https://blackwells.co.uk//jacket/200x200/9780544005037.jpg,The Essential Scratch & Sniff G...,Richard Betts,18.93
Graphic Novels,https://blackwells.co.uk//jacket/200x200/9781427874191.jpg,"Sengoku Youko, Volume 4",Satoshi Mizukami,15.66
Graphic Novels,https://blackwells.co.uk//jacket/200x200/9781626921870.jpg,The Ancient Magus' Bride. Volum...,Kore Yamazaki,14.26
Graphic Novels,https://blackwells.co.uk//jacket/200x200/9781421579627.jpg,Demon Prince of Momochi House. 1,Aya Shouoto,13.13
Graphic Novels,https://blackwells.co.uk//jacket/200x200/9781974739059.jpg,Tamon's B-Side. Vol. 1,Yuki Shiwasu,11.48
Graphic Novels,https://blackwells.co.uk//jacket/200x200/9781646514854.jpg,Shangri-La Frontier. 4,"Katarina (author), R...",15.46
Graphic Novels,https://blackwells.co.uk//jacket/200x200/9781638586609.jpg,Kuma Kuma Kuma Bear (Manga) Vol...,"Kumanano (author), S...",15.76
Graphic Novels,https://blackwells.co.uk//jacket/200x200/9781646514847.jpg,Shangri-La Frontier. 3,"Katarina (author), R...",15.46
Graphic Novels,https://blackwells.co.uk//jacket/200x200/9781848192935.jpg,Trauma Is Really Strange,Steve Haines (author...,16.19
Graphic Novels,https://blackwells.co.uk//jacket/200x200/9781974736805.jpg,Sakamoto Days. 7,Yuto Suzuki,11.48
Graphic Novels,https://blackwells.co.uk//jacket/200x200/9781779514349.jpg,The Nice House on the Lake,James Tynion (author...,19.84
Graphic Novels,https://blackwells.co.uk//jacket/200x200/9781632367044.jpg,Wotakoi,"Fujita (author), Jes...",18.76
Graphic Novels,https://blackwells.co.uk//jacket/200x200/9781975364878.jpg,"Murciélago, Vol. 22",Yoshimurakana,15.34
Graphic Novels,https://blackwells.co.uk//jacket/200x200/9781421569109.jpg,Monster. 5,Naoki Urasawa,16.84
Graphic Novels,https://blackwells.co.uk//jacket/200x200/9781646513758.jpg,Attack on Titan Omnibus. 2,Hajime Isayama,21.49
Graphic Novels,https://blackwells.co.uk//jacket/200x200/9781974741175.jpg,Yozakura Family. Volume 8,Hitsuji Gondaira,10.11
Graphic Novels,https://blackwells.co.uk//jacket/200x200/9781974734412.jpg,Sakamoto Days. 5,Yuto Suzuki,11.47
Graphic Novels,https://blackwells.co.uk//jacket/200x200/9781787332010.jpg,Footnotes in Gaza,Joe Sacco,27.85
Graphic Novels,https://blackwells.co.uk//jacket/200x200/9781419763519.jpg,The Simpsons Treehouse of Horro...,Matt Groening,31.88
Graphic Novels,https://blackwells.co.uk//jacket/200x200/9781444958058.jpg,Bumble & Snug and the Excited U...,Mark Bradley,12.05
Graphic Novels,https://blackwells.co.uk//jacket/200x200/9781444004878.jpg,Asterix Omnibus 4,"Goscinny, Uderzo",17.72
Graphic Novels,https://blackwells.co.uk//jacket/200x200/9788865273975.jpg,Druuna - Volume 2,Paolo Eleuteri Serpi...,23.67
Graphic Novels,https://blackwells.co.uk//jacket/200x200/9781975314415.jpg,That Time I Got Reincarnated as...,"Fuse (author), Mitz ...",17.41
Graphic Novels,https://blackwells.co.uk//jacket/200x200/9781974742882.jpg,Stone Ocean. 2,Hirohiko Araki,25.32
Graphic Novels,https://blackwells.co.uk//jacket/200x200/9781974743766.jpg,"You and I Are Polar Opposites, ...",Kocha Agasawa,11.38
Health,https://blackwells.co.uk//jacket/200x200/9780593189535.jpg,The End of Food Allergy,"Kari Nadeau, Sloan B...",19.19
Health,https://blackwells.co.uk//jacket/200x200/9781788178211.jpg,Two Weeks Notice,Amy Porterfield,21.82
Health,https://blackwells.co.uk//jacket/200x200/9781399716307.jpg,Young Forever,Mark Hyman,18.68
Health,https://blackwells.co.uk//jacket/200x200/9781398508729.jpg,It's Not Just You,Tori Tsui,17.43
Health,https://blackwells.co.uk//jacket/200x200/9781849013208.jpg,The Compassionate Mind Approach...,"Deborah Lee, Sophie ...",17.68
Health,https://blackwells.co.uk//jacket/200x200/9781847943842.jpg,The Perfection Trap,Thomas Curran,23.62
Health,https://blackwells.co.uk//jacket/200x200/9781916625068.jpg,Barriers and Boundaries,Liz Greene,22.26
Health,https://blackwells.co.uk//jacket/200x200/9781529915945.jpg,Clear Thinking,Shane Parrish,23.62
Health,https://blackwells.co.uk//jacket/200x200/9780715654514.jpg,The Spirit Engineer,A. J. West,13.53
Health,https://blackwells.co.uk//jacket/200x200/9781907486401.jpg,The Book of Mirdad,Mikhail Nuaymah,14.18
Health,https://blackwells.co.uk//jacket/200x200/9781797202006.jpg,Trust Yourself,Melody J. Wilding,16.25
Health,https://blackwells.co.uk//jacket/200x200/9780232533828.jpg,To the Unloved Daughter,Danu Morrigan,13.18
Health,https://blackwells.co.uk//jacket/200x200/9781786852366.jpg,"Don't Worry, Be Happy",Poppy O'Neill,14.86
Health,https://blackwells.co.uk//jacket/200x200/9781911709008.jpg,Level Up,Rob Dial,19.56
Health,https://blackwells.co.uk//jacket/200x200/9780349428185.jpg,Be the Love,Sarah Prout,17.01
Health,https://blackwells.co.uk//jacket/200x200/9781782506454.jpg,Bridges Between Life and Death,Iris Paxino (author)...,16.93
Health,https://blackwells.co.uk//jacket/200x200/9781782438007.jpg,The Wellbeing Journal,MIND,12.25
Health,https://blackwells.co.uk//jacket/200x200/9780008587857.jpg,The Times Good University Guide...,Zoe Thomas,22.31
Health,https://blackwells.co.uk//jacket/200x200/9781841594132.jpg,The Man Who Mistook His Wife fo...,Oliver Sacks,19.92
Health,https://blackwells.co.uk//jacket/200x200/9780745344928.jpg,Practical Anarchism,Scott Branson,19.22
History,https://blackwells.co.uk//jacket/200x200/9780241503171.jpg,Berlin,Sinclair McKay,13.02
History,https://blackwells.co.uk//jacket/200x200/9781804365472.jpg,A Thief's Justice,Douglas Skelton,13.32
History,https://blackwells.co.uk//jacket/200x200/9781472857880.jpg,The Blitz 1940-41,Julian Hale (author)...,18.83
History,https://blackwells.co.uk//jacket/200x200/9780349122359.jpg,In the Shadow of the Sword,Tom Holland,16.02
History,https://blackwells.co.uk//jacket/200x200/9781789259384.jpg,"Broken Pots, Mending Lives",Richard Osgood,31.73
History,https://blackwells.co.uk//jacket/200x200/9780199676095.jpg,The Triumph of the Dark,Zara Steiner,27.67
History,https://blackwells.co.uk//jacket/200x200/9780300267969.jpg,Tudor Children,Nicholas Orme,22.39
History,https://blackwells.co.uk//jacket/200x200/9780199765256.jpg,Japanese Literature,Alan Tansman,13.45
History,https://blackwells.co.uk//jacket/200x200/9781913107024.jpg,Westminster Abbey,David Cannadine (edi...,34.84
History,https://blackwells.co.uk//jacket/200x200/9780907871491.jpg,Scum of the Earth,Arthur Koestler,18.44
History,https://blackwells.co.uk//jacket/200x200/9780199236954.jpg,Witchcraft,Malcolm Gaskill,13.45
History,https://blackwells.co.uk//jacket/200x200/9781529112184.jpg,Metaphysical Animals,"Clare Mac Cumhaill, ...",15.15
History,https://blackwells.co.uk//jacket/200x200/9781787332010.jpg,Footnotes in Gaza,Joe Sacco,27.85
History,https://blackwells.co.uk//jacket/200x200/9781474602266.jpg,The Witches,Stacy Schiff,14.69
History,https://blackwells.co.uk//jacket/200x200/9781444779707.jpg,Magicians of the Gods,Graham Hancock,16.02
History,https://blackwells.co.uk//jacket/200x200/9780714111889.jpg,Cuneiform,"Irving L. Finkel, Jo...",14.26
History,https://blackwells.co.uk//jacket/200x200/9780197549322.jpg,The New Roman Empire,Anthony Kaldellis,50.6
History,https://blackwells.co.uk//jacket/200x200/9780141192567.jpg,Imperialism,Vladimir Ilich Lenin,11.39
History,https://blackwells.co.uk//jacket/200x200/9780674275607.jpg,Travels With Tocqueville Beyond...,Jeremy Jennings,34.78
History,https://blackwells.co.uk//jacket/200x200/9781782278399.jpg,Beyond the Door of No Return,David Diop,18.85
History,https://blackwells.co.uk//jacket/200x200/9781802700138.jpg,Beowulf and the North Before th...,T. A. Shippey,23.9
Home and Garden,https://blackwells.co.uk//jacket/200x200/9781837830435.jpg,Wild Isle Style,Banjo Beale,27.49
Home and Garden,https://blackwells.co.uk//jacket/200x200/9781856754637.jpg,The Almanac,Lia Leendertz,15.68
Home and Garden,https://blackwells.co.uk//jacket/200x200/9780760382806.jpg,Made to Measure,Elisalex Jewell,24.3
Home and Garden,https://blackwells.co.uk//jacket/200x200/9780760379714.jpg,The Cottage Garden,Claus Dalby,29.57
Home and Garden,https://blackwells.co.uk//jacket/200x200/9781603588416.jpg,Trees of Power,Akiva Silver,22.14
Home and Garden,https://blackwells.co.uk//jacket/200x200/9780987317285.jpg,A Future With Natural Wood,Erwin Thoma (author)...,29.1
Home and Garden,https://blackwells.co.uk//jacket/200x200/9781848094789.jpg,Morning Noon Night,Soho House (Club),34.84
Home and Garden,https://blackwells.co.uk//jacket/200x200/9780544005037.jpg,The Essential Scratch & Sniff G...,Richard Betts,18.93
Home and Garden,https://blackwells.co.uk//jacket/200x200/9781914239656.jpg,The Repair Shop,Jayne Dowle (author)...,23.13
Home and Garden,https://blackwells.co.uk//jacket/200x200/9783967040975.jpg,Designing Coffee,Lani Kingston (editor),40.65
Home and Garden,https://blackwells.co.uk//jacket/200x200/9780711234628.jpg,Dream Plants for the Natural Ga...,"Piet Oudolf, Henk Ge...",22.93
Home and Garden,https://blackwells.co.uk//jacket/200x200/9781604693638.jpg,Beatrix Potter's Gardening Life,Marta McDowell,21.03
Home and Garden,https://blackwells.co.uk//jacket/200x200/9780241988350.jpg,Eight Dates,John Mordechai Gottm...,16.63
Home and Garden,https://blackwells.co.uk//jacket/200x200/9781784726539.jpg,RHS How Do Worms Work?,"Guy Barter (author),...",17.35
Home and Garden,https://blackwells.co.uk//jacket/200x200/9780330442374.jpg,Mushrooms,"Roger Phillips, Dere...",29.03
Home and Garden,https://blackwells.co.uk//jacket/200x200/9781604691139.jpg,Teaming With Microbes,"Jeff Lowenfels, Wayn...",19.34
Home and Garden,https://blackwells.co.uk//jacket/200x200/9781800079854.jpg,The Herbal Apothecary,Christine Iverson,18.02
Home and Garden,https://blackwells.co.uk//jacket/200x200/9780847873845.jpg,François Halard,François Halard (pho...,81.29
Languages,https://blackwells.co.uk//jacket/200x200/9781538167618.jpg,Positive Communication for Lead...,"Julien C. Mirivel, A...",24.3
Languages,https://blackwells.co.uk//jacket/200x200/9781684111428.jpg,Simple Sabotage Field Manual,U.S. Office of Strat...,11.63
Languages,https://blackwells.co.uk//jacket/200x200/9781856754637.jpg,The Almanac,Lia Leendertz,15.68
Languages,https://blackwells.co.uk//jacket/200x200/9780300254839.jpg,The Vampire,Nick Groom,17.01
Languages,https://blackwells.co.uk//jacket/200x200/9781337905657.jpg,Life 4 With Web App,"John Hughes, Helen S...",45.33
Languages,https://blackwells.co.uk//jacket/200x200/9780714111889.jpg,Cuneiform,"Irving L. Finkel, Jo...",14.26
Languages,https://blackwells.co.uk//jacket/200x200/9780008587857.jpg,The Times Good University Guide...,Zoe Thomas,22.31
Languages,https://blackwells.co.uk//jacket/200x200/9780190665067.jpg,For F*ck's Sake,Rebecca Roache,19.7
Languages,https://blackwells.co.uk//jacket/200x200/9781783305490.jpg,Delivering the Visitor Experience,Rachel Mackay,49.16
Languages,https://blackwells.co.uk//jacket/200x200/9789462986398.jpg,Writing History!,Jeannette Kamp (auth...,23.95
Languages,https://blackwells.co.uk//jacket/200x200/9780141990385.jpg,The Bilingual Brain and What It...,Albert Costa,15.15
Languages,https://blackwells.co.uk//jacket/200x200/9781788404693.jpg,The Colossal Book of Amazing Fa...,Nigel Henbest,18.68
Languages,https://blackwells.co.uk//jacket/200x200/9781337285490.jpg,"Life Elementary 2E, With App Code","John Hughes, Helen S...",45.33
Languages,https://blackwells.co.uk//jacket/200x200/9781739446505.jpg,Unfinished Business,Robin Johnson,23.85
Languages,https://blackwells.co.uk//jacket/200x200/9781108920216.jpg,Advanced Grammar in Use,Martin Hewings,36.38
Languages,https://blackwells.co.uk//jacket/200x200/9780140032536.jpg,Italian Short Stories. 2,Dimitri Vittorini,15.15
Languages,https://blackwells.co.uk//jacket/200x200/9781780277554.jpg,A Dictionary of Scottish Phrase...,Ian Crofton,34.84
Languages,https://blackwells.co.uk//jacket/200x200/9780008498696.jpg,Good Arguments,Bo Seo,14.53
Languages,https://blackwells.co.uk//jacket/200x200/9781568366203.jpg,Japanese for Busy People. I Kan...,Kokusai Nihongo Fuky...,27.87
Languages,https://blackwells.co.uk//jacket/200x200/9780292761933.jpg,Breaking Out of Beginner's Span...,Joseph J. Keenan,28.02
Languages,https://blackwells.co.uk//jacket/200x200/9780205309023.jpg,The Elements of Style,"William Strunk, E. B...",13.32
Languages,https://blackwells.co.uk//jacket/200x200/9781292418667.jpg,Speakout 3Ed B2 Student's Book ...,"Antonia Clare, JJ Wi...",30.67
Literature,https://blackwells.co.uk//jacket/200x200/9781035022489.jpg,Musical Tables,Billy Collins,15.48
Literature,https://blackwells.co.uk//jacket/200x200/9780199535910.jpg,The Winter's Tale,"William Shakespeare,...",12.72
Literature,https://blackwells.co.uk//jacket/200x200/9781787476554.jpg,Stories for Boys Who Dare to Be...,"Ben Brooks (author),...",20.47
Literature,https://blackwells.co.uk//jacket/200x200/9781472939388.jpg,The War We Never Fought,"Hitchens, Peter",16.4
Literature,https://blackwells.co.uk//jacket/200x200/9780140443608.jpg,The Erotic Poems,"Ovid, Peter Green",16.63
Literature,https://blackwells.co.uk//jacket/200x200/9780199608362.jpg,Poetics,"Aristotle (author), ...",12.77
Literature,https://blackwells.co.uk//jacket/200x200/9780340750704.jpg,Noble House,James Clavell,18.46
Literature,https://blackwells.co.uk//jacket/200x200/9781408859629.jpg,The Pleasure of Reading,Antonia Fraser (edit...,17.44
Literature,https://blackwells.co.uk//jacket/200x200/9780140446043.jpg,The Complete Essays,Michel de Montaigne ...,23.26
Literature,https://blackwells.co.uk//jacket/200x200/9780199765256.jpg,Japanese Literature,Alan Tansman,13.45
Literature,https://blackwells.co.uk//jacket/200x200/9781350439702.jpg,The Effect,Lucy Prebble,16.34
Literature,https://blackwells.co.uk//jacket/200x200/9780856686092.jpg,Euripides: Bacchae,R. A. S. Seaford (ed...,33.15
Literature,https://blackwells.co.uk//jacket/200x200/9781509896066.jpg,The Luckiest Guy Alive,John Cooper Clarke,14.18
Literature,https://blackwells.co.uk//jacket/200x200/9781645471653.jpg,"Rumi Collection, The",Mevlana Jalaluddin R...,19.95
Literature,https://blackwells.co.uk//jacket/200x200/9781907903571.jpg,I Remember,Joe Brainard (author...,19.22
Literature,https://blackwells.co.uk//jacket/200x200/9781787332010.jpg,Footnotes in Gaza,Joe Sacco,27.85
Literature,https://blackwells.co.uk//jacket/200x200/9781841598307.jpg,Uyghur Poems,Aziz Isa Elkun (tran...,15.91
Literature,https://blackwells.co.uk//jacket/200x200/9781785304446.jpg,Life,Donna Ashworth,14.26
Literature,https://blackwells.co.uk//jacket/200x200/9780714111889.jpg,Cuneiform,"Irving L. Finkel, Jo...",14.26
Literature,https://blackwells.co.uk//jacket/200x200/9781838573690.jpg,Tao Te Ching,"Laozi (author), John...",13.53
Literature,https://blackwells.co.uk//jacket/200x200/9780674996281.jpg,The Oresteia,"Aeschylus, Alan H. S...",27.7
Literature,https://blackwells.co.uk//jacket/200x200/9780573115790.jpg,Gaslight,Patrick Hamilton,16.34
Literature,https://blackwells.co.uk//jacket/200x200/9781471199660.jpg,Violet Bent Backwards Over the ...,Lana Del Rey,17.09
Literature,https://blackwells.co.uk//jacket/200x200/9780241303153.jpg,A Shropshire Lad,A. E. Housman,16.63
Medical,https://blackwells.co.uk//jacket/200x200/9780593189535.jpg,The End of Food Allergy,"Kari Nadeau, Sloan B...",19.19
Medical,https://blackwells.co.uk//jacket/200x200/9780357622957.jpg,Theory & Practice of Group Coun...,Gerald Corey,79.51
Medical,https://blackwells.co.uk//jacket/200x200/9781399716307.jpg,Young Forever,Mark Hyman,18.68
Medical,https://blackwells.co.uk//jacket/200x200/9781848192935.jpg,Trauma Is Really Strange,Steve Haines (author...,16.19
Medical,https://blackwells.co.uk//jacket/200x200/9781570768613.jpg,Kinesiology Taping for Horses,Katja Bredlau-Morich,19.55
Medical,https://blackwells.co.uk//jacket/200x200/9780323834827.jpg,Mayes' Midwifery,Sue Macdonald (edito...,67.44
Medical,https://blackwells.co.uk//jacket/200x200/9781849013208.jpg,The Compassionate Mind Approach...,"Deborah Lee, Sophie ...",17.68
Medical,https://blackwells.co.uk//jacket/200x200/9780702084010.jpg,Essential Calculations for Vete...,"Terry Lake, Nicola G...",44.5
Medical,https://blackwells.co.uk//jacket/200x200/9780241600498.jpg,The Complete Human Body,Alice Roberts,32.78
Medical,https://blackwells.co.uk//jacket/200x200/9780702055706.jpg,The Midwives' Guide to Key Medi...,"Linda Wylie, Helen B...",34.42
Medical,https://blackwells.co.uk//jacket/200x200/9781787754874.jpg,The Teacher's Introduction to P...,Clare Truman,21.42
Medical,https://blackwells.co.uk//jacket/200x200/9780323935012.jpg,Home Birth,Anna-Marie Madeley (...,43.53
Medical,https://blackwells.co.uk//jacket/200x200/9781462552795.jpg,Motivational Interviewing,"William R. Miller, S...",67.33
Medical,https://blackwells.co.uk//jacket/200x200/9781782438007.jpg,The Wellbeing Journal,MIND,12.25
Medical,https://blackwells.co.uk//jacket/200x200/9780323639903.jpg,Student Workbook for Illustrate...,Margaret J. Fehrenbach,42.87
Medical,https://blackwells.co.uk//jacket/200x200/9781784162818.jpg,All That Remains,Sue M. Black,15.15
Medical,https://blackwells.co.uk//jacket/200x200/9780357670996.jpg,Statistical Methods for Psychol...,David C. Howell,83.33
Medical,https://blackwells.co.uk//jacket/200x200/9780702080852.jpg,A Nurse's Survival Guide to Gen...,"Karen Storey, Rhian ...",31.53
Medical,https://blackwells.co.uk//jacket/200x200/9780702074578.jpg,The ECG Made Easy,"John R. Hampton, Joa...",27.33
Medical,https://blackwells.co.uk//jacket/200x200/9780062427465.jpg,The Toxin Solution,Joseph E. Pizzorno,14.53
Medical,https://blackwells.co.uk//jacket/200x200/9781859599020.jpg,JRCALC Clinical Guidelines 2021...,Joint Royal Colleges...,38.0
Medical,https://blackwells.co.uk//jacket/200x200/9781975174309.jpg,Moore's Essential Clinical Anat...,"A. M. R. Agur, Arthu...",53.67
Medical,https://blackwells.co.uk//jacket/200x200/9780190902247.jpg,Emergency Anesthesia Procedures,Lauren C. Berkow (ed...,94.94
Music,https://blackwells.co.uk//jacket/200x200/9781292118383.jpg,Edexcel GCSE (9-1) Anthology of...,Edexcel (Organizatio...,41.74
Music,https://blackwells.co.uk//jacket/200x200/9781843831747.jpg,Parry to Finzi,Trevor Hold,34.57
Music,https://blackwells.co.uk//jacket/200x200/9780907547082.jpg,Hymns Ancient and Modern: Revis...,Hymns Ancient and Mo...,31.23
Music,https://blackwells.co.uk//jacket/200x200/9780571533084.jpg,Improve Your Sight-Reading! Pia...,Paul Harris (composer),15.95
Music,https://blackwells.co.uk//jacket/200x200/9780739093993.jpg,Bruce Springsteen Easy Guitar S...,Bruce Springsteen,21.4
Music,https://blackwells.co.uk//jacket/200x200/9780241990155.jpg,The Complete Lyrics,Nick Cave,19.92
Music,https://blackwells.co.uk//jacket/200x200/9780571536276.jpg,Improve Your Sight-Reading! Vio...,Paul Harris,13.97
Music,https://blackwells.co.uk//jacket/200x200/9780063248526.jpg,Living the Beatles Legend,Kenneth Womack,52.26
Music,https://blackwells.co.uk//jacket/200x200/9780793577767.jpg,Music Flash Cards - Set B,Hal Leonard Corp (cr...,12.81
Music,https://blackwells.co.uk//jacket/200x200/9780241351291.jpg,Lady Sings the Blues,"Billie Holiday, Will...",14.04
Music,https://blackwells.co.uk//jacket/200x200/9780312131975.jpg,Under a Hoodoo Moon,"John, Jack Rummel",22.44
Music,https://blackwells.co.uk//jacket/200x200/9781616776251.jpg,My First Piano Adventure - Chri...,"Faber, Nancy (COP)/ ...",10.96
Music,https://blackwells.co.uk//jacket/200x200/9781785583704.jpg,JUSTINGUITAR.COM CHRISTMAS SONG...,N/A,22.08
Music,https://blackwells.co.uk//jacket/200x200/9781783053193.jpg,Richter Max Vivaldi Recomposed ...,"Vivaldi, Antonio (CO...",27.73
Music,https://blackwells.co.uk//jacket/200x200/9781529428421.jpg,Sufferah,Alex Wheatle,20.0
Music,https://blackwells.co.uk//jacket/200x200/9781409118466.jpg,Black Sabbath,Mick Wall,17.01
Music,https://blackwells.co.uk//jacket/200x200/9781616770150.jpg,Pretime Piano Christmas - Prime...,"Nancy Faber (other),...",12.22
Music,https://blackwells.co.uk//jacket/200x200/9781738581702.jpg,Get on the Rollercoaster,Karamdeep Sahota (au...,26.69
Music,https://blackwells.co.uk//jacket/200x200/9781108446846.jpg,The Cambridge Companion to The ...,Jessica Pauline Wald...,29.77
Music,https://blackwells.co.uk//jacket/200x200/9781789522891.jpg,Sensational Alex Harvey Band,Peter Gallagher,19.2
Music,https://blackwells.co.uk//jacket/200x200/9781529177251.jpg,Abbey Road,David Hepworth,15.15
Philosophy,https://blackwells.co.uk//jacket/200x200/9780281061761.jpg,1 Corinthians,"N. T. Wright, Dale L...",11.61
Philosophy,https://blackwells.co.uk//jacket/200x200/9781781404379.jpg,Follow the Star Join the Song P...,Richard Carter (auth...,13.58
Philosophy,https://blackwells.co.uk//jacket/200x200/9781899579907.jpg,"This Being, That Becomes",Dhivan Thomas Jones,15.41
Philosophy,https://blackwells.co.uk//jacket/200x200/9780231134057.jpg,The Neutral,"Roland Barthes, Thom...",31.72
Philosophy,https://blackwells.co.uk//jacket/200x200/9780907547082.jpg,Hymns Ancient and Modern: Revis...,Hymns Ancient and Mo...,31.23
Philosophy,https://blackwells.co.uk//jacket/200x200/9780199608362.jpg,Poetics,"Aristotle (author), ...",12.77
Philosophy,https://blackwells.co.uk//jacket/200x200/9781586177331.jpg,Contemplative Provocations,Donald Haggerty,13.13
Philosophy,https://blackwells.co.uk//jacket/200x200/9781848258686.jpg,Daily Prayer,Padraig Ó Tuama,14.76
Philosophy,https://blackwells.co.uk//jacket/200x200/9780715654514.jpg,The Spirit Engineer,A. J. West,13.53
Philosophy,https://blackwells.co.uk//jacket/200x200/9780199236954.jpg,Witchcraft,Malcolm Gaskill,13.45
Philosophy,https://blackwells.co.uk//jacket/200x200/9780856686092.jpg,Euripides: Bacchae,R. A. S. Seaford (ed...,33.15
Philosophy,https://blackwells.co.uk//jacket/200x200/9780281068630.jpg,1 & 2 Peter & Judah,N. T. Wright (author...,10.92
Philosophy,https://blackwells.co.uk//jacket/200x200/9781529112184.jpg,Metaphysical Animals,"Clare Mac Cumhaill, ...",15.15
Philosophy,https://blackwells.co.uk//jacket/200x200/9780802882851.jpg,Faith Seeking Understanding,Daniel L. Migliore,32.22
Philosophy,https://blackwells.co.uk//jacket/200x200/9781529331646.jpg,NIV Gospel of Mark for Journall...,New International Ve...,10.58
Philosophy,https://blackwells.co.uk//jacket/200x200/9781474602266.jpg,The Witches,Stacy Schiff,14.69
Philosophy,https://blackwells.co.uk//jacket/200x200/9781789041941.jpg,A Secret History of Christianity,Mark Vernon,17.68
Philosophy,https://blackwells.co.uk//jacket/200x200/9781838573690.jpg,Tao Te Ching,"Laozi (author), John...",13.53
Philosophy,https://blackwells.co.uk//jacket/200x200/9788185787152.jpg,Kundalini Tantra,Satyananda Saraswati,31.64
Philosophy,https://blackwells.co.uk//jacket/200x200/9780197266809.jpg,The Making of the Scottish Drea...,Kylie Marie Murray,88.61
Philosophy,https://blackwells.co.uk//jacket/200x200/9780190665067.jpg,For F*ck's Sake,Rebecca Roache,19.7
Philosophy,https://blackwells.co.uk//jacket/200x200/9780334062004.jpg,"Mary, Bearer of Life",Christopher J. Cocks...,23.26
Philosophy,https://blackwells.co.uk//jacket/200x200/9780310463658.jpg,Reflections for the Grieving Soul,Mike Nappa,15.2
Politics,https://blackwells.co.uk//jacket/200x200/9781848258686.jpg,Daily Prayer,Padraig Ó Tuama,14.76
Politics,https://blackwells.co.uk//jacket/200x200/9780691165622.jpg,The Great Escape,Angus Deaton,20.73
Politics,https://blackwells.co.uk//jacket/200x200/9781526170446.jpg,Unparalleled Catastrophe,Rhys Crilley,92.9
Politics,https://blackwells.co.uk//jacket/200x200/9781645021889.jpg,Terra Viva,Vandana Shiva,21.05
Politics,https://blackwells.co.uk//jacket/200x200/9781804291481.jpg,Someone Else's Empire,Tom Stevenson,22.15
Politics,https://blackwells.co.uk//jacket/200x200/9780241366516.jpg,My Seditious Heart,Arundhati Roy,29.03
Politics,https://blackwells.co.uk//jacket/200x200/9781529338645.jpg,Uncommon Wealth,Kojo Koram,16.26
Politics,https://blackwells.co.uk//jacket/200x200/9780190244408.jpg,Civil Resistance,Erica Chenoweth,16.8
Politics,https://blackwells.co.uk//jacket/200x200/9780714685007.jpg,NATO's Secret Armies : Operatio...,"Ganser, Daniele",34.2
Politics,https://blackwells.co.uk//jacket/200x200/9781138794306.jpg,Geographies of Development,"Robert B. Potter, To...",58.29
Politics,https://blackwells.co.uk//jacket/200x200/9781800817609.jpg,How the Tricolor Got Its Stripes,Dmytro Dubilet,21.82
Politics,https://blackwells.co.uk//jacket/200x200/9781784784447.jpg,Scorched Earth,Jonathan Crary,15.15
Politics,https://blackwells.co.uk//jacket/200x200/9781529918182.jpg,The Art of Peace,David Khalili,25.82
Politics,https://blackwells.co.uk//jacket/200x200/9781526607423.jpg,The New Silk Roads,Peter Frankopan,21.26
Politics,https://blackwells.co.uk//jacket/200x200/9781846140877.jpg,Unlocking the World,John Darwin,15.15
Politics,https://blackwells.co.uk//jacket/200x200/9780063230477.jpg,The End of the World Is Just th...,Peter Zeihan,23.23
Politics,https://blackwells.co.uk//jacket/200x200/9780197680629.jpg,The Myth of Left and Right,"Hyrum S. Lewis, Verl...",25.25
Politics,https://blackwells.co.uk//jacket/200x200/9781474937030.jpg,First Sticker Book Flags,Holly Bathie (author...,12.17
Politics,https://blackwells.co.uk//jacket/200x200/9781805260080.jpg,Gambling on Development,Stefan Dercon,18.85
Politics,https://blackwells.co.uk//jacket/200x200/9781684037704.jpg,Disarming the Narcissist,Wendy T. Behary,17.01
Politics,https://blackwells.co.uk//jacket/200x200/9781529908664.jpg,Decolonising My Body,Afua Hirsch,22.5
Science,https://blackwells.co.uk//jacket/200x200/9781914317880.jpg,Cats Who Changed the World,Dan Jones,18.02
Science,https://blackwells.co.uk//jacket/200x200/9781398508729.jpg,It's Not Just You,Tori Tsui,17.43
Science,https://blackwells.co.uk//jacket/200x200/9780199584970.jpg,Nuclear Power,J. M. Irvine,13.45
Science,https://blackwells.co.uk//jacket/200x200/9780691166278.jpg,Quantitative Risk Management,"Alexander J. McNeil,...",96.39
Science,https://blackwells.co.uk//jacket/200x200/9781856754637.jpg,The Almanac,Lia Leendertz,15.68
Science,https://blackwells.co.uk//jacket/200x200/9781529388626.jpg,Earthshot,"Colin Butfield, Jonn...",21.03
Science,https://blackwells.co.uk//jacket/200x200/9780241600498.jpg,The Complete Human Body,Alice Roberts,32.78
Science,https://blackwells.co.uk//jacket/200x200/9781607743880.jpg,The New World Champion Paper Ai...,John M. Collins,20.44
Science,https://blackwells.co.uk//jacket/200x200/9781631498541.jpg,The Warped Side of Our Universe,Kip S. Thorne (autho...,45.29
Science,https://blackwells.co.uk//jacket/200x200/9781788709194.jpg,A Housefly Buzzes in the Key of F,Simon Nicholls,18.1
Science,https://blackwells.co.uk//jacket/200x200/9781912235575.jpg,Ghost Trees,Bob Gilbert,15.41
Science,https://blackwells.co.uk//jacket/200x200/9780141995311.jpg,140 Artists' Ideas for Planet E...,Hans Ulrich Obrist (...,14.04
Science,https://blackwells.co.uk//jacket/200x200/9780316453356.jpg,Drunk,Edward Slingerland,17.01
Science,https://blackwells.co.uk//jacket/200x200/9781911648611.jpg,Banzeiro Okoto,Eliane Brum (author)...,18.02
Science,https://blackwells.co.uk//jacket/200x200/9780231177870.jpg,The Madhouse Effect,"Michael E. Mann, Tom...",20.02
Science,https://blackwells.co.uk//jacket/200x200/9781399613323.jpg,The Simple Life,Sarah Beeny,20.67
Science,https://blackwells.co.uk//jacket/200x200/9780198833024.jpg,Molecular Biology of Cancer,Lauren Pecorino,53.2
Science,https://blackwells.co.uk//jacket/200x200/9780715654866.jpg,Vet at the End of the Earth,Jonathan Hollins,20.31
Science,https://blackwells.co.uk//jacket/200x200/9781523504725.jpg,Dinosaur,"Dan Kainen, Kathy Wo...",22.45
Science,https://blackwells.co.uk//jacket/200x200/9781789080261.jpg,A-Level Biology,Daniel Fielding (edi...,26.85
Sports,https://blackwells.co.uk//jacket/200x200/9781782217862.jpg,How to Make Cloth Dolls,Jan Horrox,17.9
Sports,https://blackwells.co.uk//jacket/200x200/9781570768613.jpg,Kinesiology Taping for Horses,Katja Bredlau-Morich,19.55
Sports,https://blackwells.co.uk//jacket/200x200/9781609000400.jpg,I Can't Believe I'm Loom Knitti...,Kathy Norris,16.35
Sports,https://blackwells.co.uk//jacket/200x200/9780719841996.jpg,Discovering Machine Knitting,Kandy Diamond,21.18
Sports,https://blackwells.co.uk//jacket/200x200/9780451470881.jpg,80/20 Running,Matt Fitzgerald,14.04
Sports,https://blackwells.co.uk//jacket/200x200/9781472838834.jpg,Gaslands Refuelled,Mike Hutchinson,21.62
Sports,https://blackwells.co.uk//jacket/200x200/9781802792225.jpg,Formula 1,Maurice Hamilton,28.12
Sports,https://blackwells.co.uk//jacket/200x200/9781999372842.jpg,Edinburgh the Walk,"Roddy McDougall, Eli...",21.16
Sports,https://blackwells.co.uk//jacket/200x200/9781607743880.jpg,The New World Champion Paper Ai...,John M. Collins,20.44
Sports,https://blackwells.co.uk//jacket/200x200/9780760382806.jpg,Made to Measure,Elisalex Jewell,24.3
Sports,https://blackwells.co.uk//jacket/200x200/9783967041033.jpg,Wanderlust British & Irish Isles,"gestalten (editor), ...",40.65
Sports,https://blackwells.co.uk//jacket/200x200/9781849947671.jpg,Sea Pools,Chris Romer-Lee,35.54
Sports,https://blackwells.co.uk//jacket/200x200/9781788403580.jpg,Coronation Street Puzzle Book,"ITV Ventures Ltd, Ab...",17.01
Sports,https://blackwells.co.uk//jacket/200x200/9781857446203.jpg,Play the Ponziani,"Dave Taylor, Keith H...",20.31
Sports,https://blackwells.co.uk//jacket/200x200/9781782438007.jpg,The Wellbeing Journal,MIND,12.25
Sports,https://blackwells.co.uk//jacket/200x200/9781439195284.jpg,Power Golf,Ben Hogan,17.23
Sports,https://blackwells.co.uk//jacket/200x200/9780141995311.jpg,140 Artists' Ideas for Planet E...,Hans Ulrich Obrist (...,14.04
Sports,https://blackwells.co.uk//jacket/200x200/9781350435292.jpg,Dear England,James Graham,16.34
Sports,https://blackwells.co.uk//jacket/200x200/9781787636897.jpg,Nowhere to Run,Jonathan Sayer,20.65
Sports,https://blackwells.co.uk//jacket/200x200/9781908714077.jpg,A Little Book of Craftivism,Sarah Corbett,11.61
Sports,https://blackwells.co.uk//jacket/200x200/9780995488656.jpg,The Rough-Stuff Fellowship,Mark Hudson (editor),34.29
Stage,https://blackwells.co.uk//jacket/200x200/9780367203542.jpg,Games for Actors and Non-Actors,"Boal, Augusto",42.98
Stage,https://blackwells.co.uk//jacket/200x200/9781032324142.jpg,Experiencing Accents,Philip Thompson (aut...,38.37
Stage,https://blackwells.co.uk//jacket/200x200/9780292776241.jpg,Sculpting in Time,Andrei Tarkovskii,33.92
Stage,https://blackwells.co.uk//jacket/200x200/9781641605243.jpg,A Long Time Ago in a Cutting Ro...,Paul Hirsch,22.92
Stage,https://blackwells.co.uk//jacket/200x200/9780702310423.jpg,The Subtle Knife,Philip Pullman (auth...,31.94
Stage,https://blackwells.co.uk//jacket/200x200/9781788709194.jpg,A Housefly Buzzes in the Key of F,Simon Nicholls,18.1
Stage,https://blackwells.co.uk//jacket/200x200/9783791387444.jpg,Cocktails of the Movies,"Will Francis, Stacey...",16.97
Stage,https://blackwells.co.uk//jacket/200x200/9781338767681.jpg,Five Nights at Freddy's Ultimat...,Scott Cawthon,15.34
Stage,https://blackwells.co.uk//jacket/200x200/9780702310430.jpg,The Amber Spyglass,Philip Pullman (auth...,33.45
Stage,https://blackwells.co.uk//jacket/200x200/9781350288379.jpg,Adventures Across Space and Time,"Paul Booth (editor),...",29.51
Stage,https://blackwells.co.uk//jacket/200x200/9781526603265.jpg,She Said,"Jodi Kantor, Megan T...",13.6
Stage,https://blackwells.co.uk//jacket/200x200/9780241405932.jpg,"Humour, Seriously","Jennifer Lynn Aaker,...",19.56
Stage,https://blackwells.co.uk//jacket/200x200/9781637742617.jpg,Tremendous,"Joey Coco Diaz, Eric...",24.69
Stage,https://blackwells.co.uk//jacket/200x200/9781844885978.jpg,Madhouse,P. J. Gallagher,21.05
Stage,https://blackwells.co.uk//jacket/200x200/9780762480623.jpg,Eddie Muller's Noir Bar,Eddie Muller,22.35
Stage,https://blackwells.co.uk//jacket/200x200/9781529381542.jpg,Fight!,Harry Hill,14.04
Stage,https://blackwells.co.uk//jacket/200x200/9781803363103.jpg,Buffy the Vampire Slayer Tarot ...,Casey Gilly,23.21
Stage,https://blackwells.co.uk//jacket/200x200/9781452101422.jpg,The Art of Brave,Jenny Lerew,29.03
Stage,https://blackwells.co.uk//jacket/200x200/9780762481248.jpg,Gilmore Girls: Trivia Deck and ...,Michelle Morgan,18.78
Stage,https://blackwells.co.uk//jacket/200x200/9780755364220.jpg,Poirot and Me,"David Suchet, Geoffr...",15.68
Stage,https://blackwells.co.uk//jacket/200x200/9780861546848.jpg,Eve Bites Back,Anna R. Beer,14.68
Stationery and Gift,https://blackwells.co.uk//jacket/200x200/9780830834235.jpg,Know What You Believe,Paul E. Little,16.77
Stationery and Gift,https://blackwells.co.uk//jacket/200x200/9780830834228.jpg,Know Why You Believe,"Marie Little, Paul E...",16.77
Stationery and Gift,https://blackwells.co.uk//jacket/200x200/9781914317880.jpg,Cats Who Changed the World,Dan Jones,18.02
Stationery and Gift,https://blackwells.co.uk//jacket/200x200/9780764209765.jpg,What Every Christian Needs to K...,James R. White,16.08
Stationery and Gift,https://blackwells.co.uk//jacket/200x200/9781914198663.jpg,Lord Jim at Home,Dinah Brooke,13.62
Stationery and Gift,https://blackwells.co.uk//jacket/200x200/9781975314378.jpg,That Time I Got Reincarnated as...,"Fuse (author), Mitz ...",17.53
Stationery and Gift,https://blackwells.co.uk//jacket/200x200/9781783967025.jpg,Why Is This a Question?,Paul Anthony Jones,13.55
Stationery and Gift,https://blackwells.co.uk//jacket/200x200/9781781066768.jpg,Viz Annual 2019 The Pieman's Wig,Viz Magazine (editor),18.29
Stationery and Gift,https://blackwells.co.uk//jacket/200x200/9781841591445.jpg,Full Moon,P. G. Wodehouse,16.97
Stationery and Gift,https://blackwells.co.uk//jacket/200x200/9781433564987.jpg,ESV Illuminated Scripture Journ...,Crossway (COR)/ Tana...,10.26
Stationery and Gift,https://blackwells.co.uk//jacket/200x200/9780702310423.jpg,The Subtle Knife,Philip Pullman (auth...,31.94
Stationery and Gift,https://blackwells.co.uk//jacket/200x200/9780241992531.jpg,"OK, Let's Do Your Stupid Idea",Patrick Freyne,13.32
Stationery and Gift,https://blackwells.co.uk//jacket/200x200/9781788709194.jpg,A Housefly Buzzes in the Key of F,Simon Nicholls,18.1
Stationery and Gift,https://blackwells.co.uk//jacket/200x200/9781788403580.jpg,Coronation Street Puzzle Book,"ITV Ventures Ltd, Ab...",17.01
Stationery and Gift,https://blackwells.co.uk//jacket/200x200/9781440562150.jpg,Dragons,Douglas Niles,15.32
Stationery and Gift,https://blackwells.co.uk//jacket/200x200/9780762462346.jpg,Teeny-Tiny Tinsel Tree,Mollie Thomas,14.99
Stationery and Gift,https://blackwells.co.uk//jacket/200x200/9780843180718.jpg,"Eat, Drink, and Be Mad Libs",Douglas Yacka,9.94
Stationery and Gift,https://blackwells.co.uk//jacket/200x200/9781787636897.jpg,Nowhere to Run,Jonathan Sayer,20.65
Stationery and Gift,https://blackwells.co.uk//jacket/200x200/9780702310430.jpg,The Amber Spyglass,Philip Pullman (auth...,33.45
Stationery and Gift,https://blackwells.co.uk//jacket/200x200/9780738711928.jpg,The Thoth Companion,Michael Osiris Snuffin,22.9
Stationery and Gift,https://blackwells.co.uk//jacket/200x200/9781785943775.jpg,TARDIS Type Forty Instruction M...,Richard Atkinson (au...,21.4
Technology,https://blackwells.co.uk//jacket/200x200/9780199584970.jpg,Nuclear Power,J. M. Irvine,13.45
Technology,https://blackwells.co.uk//jacket/200x200/9781607743880.jpg,The New World Champion Paper Ai...,John M. Collins,20.44
Technology,https://blackwells.co.uk//jacket/200x200/9780367866846.jpg,Domestic Central Heating Wiring...,Raymond Ward,54.76
Technology,https://blackwells.co.uk//jacket/200x200/9780357366479.jpg,Electrical Wiring Residential,"J. Philip Simmons, R...",95.45
Technology,https://blackwells.co.uk//jacket/200x200/9781785943775.jpg,TARDIS Type Forty Instruction M...,Richard Atkinson (au...,21.4
Technology,https://blackwells.co.uk//jacket/200x200/9781785213618.jpg,VW Passat Diesel,John S. Mead,28.48
Technology,https://blackwells.co.uk//jacket/200x200/9780357137697.jpg,Electrical Wiring Commercial,"Ray C. Mullin, J. Ph...",87.09
Technology,https://blackwells.co.uk//jacket/200x200/9781418011697.jpg,Advanced Bread and Pastry,Michel Suas,78.27
Technology,https://blackwells.co.uk//jacket/200x200/9781641602228.jpg,Pirate Women,Laura Sook Duncombe,20.26
Technology,https://blackwells.co.uk//jacket/200x200/9780141986067.jpg,The Future of Humanity,Michio Kaku,15.15
Technology,https://blackwells.co.uk//jacket/200x200/9781857423198.jpg,The Reflective Practitioner: Ho...,"Schön, Donald A.",38.72
Technology,https://blackwells.co.uk//jacket/200x200/9781803990996.jpg,Classic Heathrow Propliners,Tom Singfield,27.67
Technology,https://blackwells.co.uk//jacket/200x200/9780205309023.jpg,The Elements of Style,"William Strunk, E. B...",13.32
Technology,https://blackwells.co.uk//jacket/200x200/9780241992142.jpg,Size,Vaclav Smil,15.15
Technology,https://blackwells.co.uk//jacket/200x200/9781785008689.jpg,Waterloo Station,Robert Lordan,22.8
Technology,https://blackwells.co.uk//jacket/200x200/9781407195100.jpg,Somebody Swallowed Stanley,Sarah Roberts (autho...,12.77
Technology,https://blackwells.co.uk//jacket/200x200/9783031444074.jpg,The Binocular Handbook,Holger Merlitz,47.48
Technology,https://blackwells.co.uk//jacket/200x200/9781782217237.jpg,Pocket Pompoms,Sachiyo Ishii,13.7
Technology,https://blackwells.co.uk//jacket/200x200/9781399705202.jpg,All on the Board,"Board, All on the",17.35
Technology,https://blackwells.co.uk//jacket/200x200/9781498703963.jpg,The TWI Workbook,"Patrick Graupp, Robe...",65.98
Technology,https://blackwells.co.uk//jacket/200x200/9781839168147.jpg,Food,T. P. Coultate,50.59
Technology,https://blackwells.co.uk//jacket/200x200/9781119256809.jpg,Construction Management,"Daniel W. Halpin, Gu...",104.85
Teen and YA,https://blackwells.co.uk//jacket/200x200/9781869890582.jpg,"Muddles, Puddles and Sunshine","Diana Crossley, Kate...",16.93
Teen and YA,https://blackwells.co.uk//jacket/200x200/9781913074654.jpg,Being Me,"Liz Brownlee, Matt G...",13.53
Teen and YA,https://blackwells.co.uk//jacket/200x200/9780593119877.jpg,Hot Cocoa Calm,Kira Willey (author)...,12.77
Teen and YA,https://blackwells.co.uk//jacket/200x200/9780241543290.jpg,Diwali,Aditi Kakade Beaufra...,11.39
Teen and YA,https://blackwells.co.uk//jacket/200x200/9781953424457.jpg,Growing Up Powerful,Nona Willis Aronowit...,18.82
Teen and YA,https://blackwells.co.uk//jacket/200x200/9780316494670.jpg,The Canyon's Edge,Dusti Bowling,11.39
Teen and YA,https://blackwells.co.uk//jacket/200x200/9781474989640.jpg,Tales of Brave and Brilliant Gi...,Susanna Davidson (au...,10.7
Teen and YA,https://blackwells.co.uk//jacket/200x200/9798985955224.jpg,The Godhead Complex,James Dashner,22.47
Teen and YA,https://blackwells.co.uk//jacket/200x200/9780141369792.jpg,Arsenic for Tea,Robin Stevens,12.05
Teen and YA,https://blackwells.co.uk//jacket/200x200/9780141369693.jpg,Jolly Foul Play,Robin Stevens,12.05
Teen and YA,https://blackwells.co.uk//jacket/200x200/9780062857415.jpg,A Warrior's Spirit,Erin Hunter (author)...,11.49
Teen and YA,https://blackwells.co.uk//jacket/200x200/9781844147205.jpg,Jolly Phonics Pupil Book 2,"Sara Wernham, Sue Ll...",10.42
Teen and YA,https://blackwells.co.uk//jacket/200x200/9781474935937.jpg,Sticker Dolly Dressing Fashion ...,"Fiona Watt (author),...",15.34
Teen and YA,https://blackwells.co.uk//jacket/200x200/9781471409981.jpg,How the King of Elfhame Learned...,Holly Black (author)...,20.65
Teen and YA,https://blackwells.co.uk//jacket/200x200/9781523502073.jpg,"Baby, Let's Eat!",Stephan Lomp (artist),10.11
Teen and YA,https://blackwells.co.uk//jacket/200x200/9781786852366.jpg,"Don't Worry, Be Happy",Poppy O'Neill,14.86
Teen and YA,https://blackwells.co.uk//jacket/200x200/9780702310423.jpg,The Subtle Knife,Philip Pullman (auth...,31.94
Teen and YA,https://blackwells.co.uk//jacket/200x200/9781474979887.jpg,Why Do Things Die?,Katie Daynes (author...,14.58
Teen and YA,https://blackwells.co.uk//jacket/200x200/9780241463376.jpg,White Teeth,Zadie Smith,11.39
Teen and YA,https://blackwells.co.uk//jacket/200x200/9781781129364.jpg,Teamwork!,Paul Stewart (author...,12.05
Teen and YA,https://blackwells.co.uk//jacket/200x200/9781800900806.jpg,The Clockwork Queen,Peter Bunzl (author)...,12.77
Teen and YA,https://blackwells.co.uk//jacket/200x200/9781444958058.jpg,Bumble & Snug and the Excited U...,Mark Bradley,12.05
Teen and YA,https://blackwells.co.uk//jacket/200x200/9781786570185.jpg,The Cities Book,Livi Gosling (illust...,19.9
Teen and YA,https://blackwells.co.uk//jacket/200x200/9781406398694.jpg,The House by the Lake,Thomas Harding (auth...,13.53
Travel,https://blackwells.co.uk//jacket/200x200/9781788684460.jpg,South America,Regis St. Louis,21.41
Travel,https://blackwells.co.uk//jacket/200x200/9781910636145.jpg,Wales & The Marches,"Daniel Start, Tania ...",19.04
Travel,https://blackwells.co.uk//jacket/200x200/9781838691714.jpg,New Zealand,"Roxanne de Bruyn, Br...",20.31
Travel,https://blackwells.co.uk//jacket/200x200/9781604697896.jpg,The Landscapes of Anne of Green...,Catherine Reid,21.13
Travel,https://blackwells.co.uk//jacket/200x200/9783967041033.jpg,Wanderlust British & Irish Isles,"gestalten (editor), ...",40.65
Travel,https://blackwells.co.uk//jacket/200x200/9781789195460.jpg,Amsterdam,"Guides, Rough",14.04
Travel,https://blackwells.co.uk//jacket/200x200/9781849947671.jpg,Sea Pools,Chris Romer-Lee,35.54
Travel,https://blackwells.co.uk//jacket/200x200/9781782750857.jpg,Azores Tour & Trail Super-Durab...,Jan Kostura,15.41
Travel,https://blackwells.co.uk//jacket/200x200/9781787017559.jpg,Pocket Stockholm,"Becky Ohlsen, Charle...",12.77
Travel,https://blackwells.co.uk//jacket/200x200/9781786573759.jpg,Tibet,"Stephen Lioy, Megan ...",19.96
Travel,https://blackwells.co.uk//jacket/200x200/9788895218199.jpg,Puglia in Cucina: The Flavours ...,William Dello Russo ...,27.49
Travel,https://blackwells.co.uk//jacket/200x200/9780674275607.jpg,Travels With Tocqueville Beyond...,Jeremy Jennings,34.78
Travel,https://blackwells.co.uk//jacket/200x200/9781839058554.jpg,The Rough Guide to Thailand,"Paul Gray, Thomas Bird",21.74
Travel,https://blackwells.co.uk//jacket/200x200/9781922754752.jpg,Hidden Japan,Chiara Terzuolo (aut...,18.99
Travel,https://blackwells.co.uk//jacket/200x200/9782878682793.jpg,Rome Sketchbook,Fabrice Moireau (ill...,29.03
Travel,https://blackwells.co.uk//jacket/200x200/9781668022115.jpg,From Scratch,Tembi Locke,12.05
Travel,https://blackwells.co.uk//jacket/200x200/9780099535973.jpg,Bangkok Days,Lawrence Osborne,15.15
Travel,https://blackwells.co.uk//jacket/200x200/9781641602228.jpg,Pirate Women,Laura Sook Duncombe,20.26
Travel,https://blackwells.co.uk//jacket/200x200/9780691199795.jpg,Britain's Birds,"Rob Hume, Rob Still,...",25.36
Travel,https://blackwells.co.uk//jacket/200x200/9781910636343.jpg,Lost Lanes Central England,Jack Thurston,19.92
Travel,https://blackwells.co.uk//jacket/200x200/9781784703295.jpg,Summer,Karl Ove Knausgård (...,15.43
